id,web_name,now_cost,total_points,form,minutes,expected_goals,expected_assists,expected_goal_involvements,position,team_name,base_xP,team,next_3_fdr,AI_xP
1,Raya,6.0,29,7.2,360,0.0,0.01,0.01,GK,Arsenal,25.120000000000005,1,2.6666666666666665,28.260000000000005
2,Arrizabalaga,4.9,0,0.0,0,0.0,0.0,0.0,GK,Arsenal,0.0,1,2.6666666666666665,0.0
3,Meslier,4.9,0,0.0,0,0.0,0.0,0.0,GK,Arsenal,0.0,1,2.6666666666666665,0.0
4,Gabriel,8.0,24,6.0,360,0.51,0.06,0.57,DEF,Arsenal,21.11,1,2.6666666666666665,23.74875
5,J.Timber,6.5,1,0.2,45,0.0,0.01,0.01,DEF,Arsenal,1.04,1,2.6666666666666665,1.17
6,Saliba,5.9,0,0.0,0,0.0,0.0,0.0,DEF,Arsenal,0.0,1,2.6666666666666665,0.0
7,Lewis-Skelly,5.5,9,2.2,271,0.16,0.23,0.39,MID,Arsenal,11.66,1,2.6666666666666665,13.1175
8,Calafiori,5.8,28,7.0,326,0.6,0.59,1.19,DEF,Arsenal,23.74,1,2.6666666666666665,26.7075
9,Hincapie,5.3,2,0.5,32,0.0,0.0,0.0,DEF,Arsenal,1.7275,1,2.6666666666666665,1.9434375
10,White,5.5,21,5.2,315,0.18,0.29,0.47,DEF,Arsenal,19.16,1,2.6666666666666665,21.555
11,Mosquera,5.4,12,3.0,168,0.0,0.01,0.01,DEF,Arsenal,4.43,1,2.6666666666666665,4.98375
12,Saka,9.5,30,7.5,336,2.88,0.43,3.31,MID,Arsenal,28.81,1,2.6666666666666665,32.411249999999995
13,Rice,7.4,19,4.8,321,0.1,0.63,0.73,MID,Arsenal,17.29,1,2.6666666666666665,19.451249999999998
14,Eze,6.3,3,0.8,68,0.04,0.07,0.11,MID,Arsenal,2.99,1,2.6666666666666665,3.3637500000000005
15,Ødegaard,6.7,27,6.8,305,1.01,1.3,2.31,MID,Arsenal,25.12,1,2.6666666666666665,28.26
16,Madueke,6.3,2,0.5,23,0.0,0.05,0.05,MID,Arsenal,2.14,1,2.6666666666666665,2.4075
17,Merino,5.8,3,0.8,51,0.14,0.02,0.16,MID,Arsenal,2.93,1,2.6666666666666665,3.29625
18,Martinelli,6.3,0,0.0,0,0.0,0.0,0.0,MID,Arsenal,0.0,1,2.6666666666666665,0.0
19,Zubimendi,5.3,4,1.0,59,0.08,0.04,0.12,MID,Arsenal,2.87,1,2.6666666666666665,3.2287500000000002
20,Dowman,5.3,0,0.0,0,0.0,0.0,0.0,MID,Arsenal,0.0,1,2.6666666666666665,0.0
22,Nwaneri,5.4,0,0.0,0,0.0,0.0,0.0,MID,Arsenal,0.0,1,2.6666666666666665,0.0
23,Fábio Vieira,5.5,0,0.0,0,0.0,0.0,0.0,MID,Arsenal,0.0,1,2.6666666666666665,0.0
24,Nelson,5.5,0,0.0,0,0.0,0.0,0.0,MID,Arsenal,0.0,1,2.6666666666666665,0.0
25,Gyökeres,7.2,1,0.2,12,0.0,0.0,0.0,FWD,Arsenal,1.24,1,2.6666666666666665,1.395
26,Havertz,7.6,17,4.2,347,0.89,0.35,1.24,FWD,Arsenal,21.28,1,2.6666666666666665,23.94
27,G.Jesus,5.9,0,0.0,0,0.0,0.0,0.0,FWD,Arsenal,0.0,1,2.6666666666666665,0.0
31,Konsa,4.5,11,2.8,191,0.0,0.01,0.01,DEF,Arsenal,8.48,1,2.6666666666666665,9.540000000000001
452,Bruno G.,6.7,8,2.0,64,0.09,0.15,0.24,MID,Arsenal,6.49,1,2.6666666666666665,7.3012500000000005
557,Tzolis,6.4,14,3.5,290,0.19,0.48,0.67,MID,Arsenal,13.56,1,2.6666666666666665,15.255
29,M.Bizot,4.5,1,0.2,90,0.0,0.0,0.0,GK,Aston Villa,2.8953214285714286,2,3.0,2.8953214285714286
30,Digne,4.5,0,0.0,0,0.0,0.0,0.0,DEF,Aston Villa,0.0,2,3.0,0.0
32,Cash,4.5,7,1.8,251,0.15,0.04,0.19,DEF,Aston Villa,11.0,2,3.0,11.0
33,Mings,4.5,7,1.8,171,0.2,0.02,0.22,DEF,Aston Villa,6.86,2,3.0,6.86
34,Pau,4.5,3,0.8,187,0.0,0.01,0.01,DEF,Aston Villa,4.23,2,3.0,4.23
35,Bogarde,5.0,1,0.2,16,0.0,0.0,0.0,MID,Aston Villa,1.22,2,3.0,1.22
36,Maatsen,4.5,9,2.2,335,0.28,0.45,0.73,DEF,Aston Villa,11.25,2,3.0,11.25
37,Lindelöf,4.5,7,1.8,360,0.44,0.17,0.61,DEF,Aston Villa,10.06,2,3.0,10.06
38,A.García,4.0,0,0.0,0,0.0,0.0,0.0,DEF,Aston Villa,0.0,2,3.0,0.0
39,Nedeljkovic,4.0,0,0.0,0,0.0,0.0,0.0,DEF,Aston Villa,0.0,2,3.0,0.0
41,Buendía,5.9,9,2.2,311,0.78,0.17,0.95,MID,Aston Villa,13.81,2,3.0,13.81
44,Bailey,5.4,0,0.0,0,0.0,0.0,0.0,MID,Aston Villa,0.0,2,3.0,0.0
45,McGinn,5.4,11,2.8,351,0.77,0.2,0.97,MID,Aston Villa,12.26,2,3.0,12.26
46,Barkley,5.0,9,2.2,302,0.38,0.14,0.52,MID,Aston Villa,12.99,2,3.0,12.99
47,Kamara,5.0,9,2.2,360,0.0,0.15,0.15,MID,Aston Villa,10.0,2,3.0,10.0
48,Onana,4.9,0,0.0,0,0.0,0.0,0.0,MID,Aston Villa,0.0,2,3.0,0.0
49,Iling Jr,5.0,0,0.0,0,0.0,0.0,0.0,MID,Aston Villa,0.0,2,3.0,0.0
50,Burrowes,4.5,0,0.0,0,0.0,0.0,0.0,MID,Aston Villa,0.0,2,3.0,0.0
51,George Hemmings,4.5,8,2.0,279,0.07,0.16,0.23,MID,Aston Villa,8.1,2,3.0,8.1
52,Alysson,5.0,8,2.0,87,0.06,0.0,0.06,MID,Aston Villa,6.16,2,3.0,6.16
53,Manzambi,5.9,1,0.2,27,0.0,0.08,0.08,MID,Aston Villa,2.28,2,3.0,2.28
54,Gomes,5.5,-2,-0.5,39,0.0,0.01,0.01,MID,Aston Villa,-0.38,2,3.0,-0.38
55,Watkins,7.8,0,0.0,0,0.0,0.0,0.0,FWD,Aston Villa,0.0,2,3.0,0.0
56,Abraham,5.5,3,0.8,69,0.0,0.0,0.0,FWD,Aston Villa,2.8,2,3.0,2.8
160,Garnacho,5.8,3,0.8,31,0.0,0.0,0.0,MID,Aston Villa,2.42,2,3.0,2.42
166,N.Jackson,6.5,4,1.0,199,0.24,0.58,0.82,FWD,Aston Villa,12.75,2,3.0,12.75
582,Madjo,5.4,0,0.0,0,0.0,0.0,0.0,FWD,Aston Villa,0.0,2,3.0,0.0
596,Ruggeri,4.5,2,0.5,23,0.0,0.01,0.01,DEF,Aston Villa,1.17,2,3.0,1.17
597,Suzuki,5.0,14,3.5,270,0.0,0.01,0.01,GK,Aston Villa,10.193055555555555,2,3.0,10.193055555555555
606,Rowe,4.0,0,0.0,0,0.0,0.0,0.0,DEF,Aston Villa,0.0,2,3.0,0.0
607,Lynch,4.5,0,0.0,0,0.0,0.0,0.0,MID,Aston Villa,0.0,2,3.0,0.0
611,Wan-Bissaka,4.5,5,1.7,107,0.0,0.06,0.06,DEF,Aston Villa,5.159166666666668,2,3.0,5.159166666666668
618,Goretzka,6.0,0,0.0,0,0.0,0.0,0.0,MID,Aston Villa,0.0,2,3.0,0.0
630,Harwood-Bellis,4.5,0,0.0,0,0.0,0.0,0.0,DEF,Aston Villa,0.0,2,3.0,0.0
631,Mbaye,6.0,1,0.5,27,0.02,0.13,0.15,MID,Aston Villa,2.8,2,3.0,2.8
57,Petrović,4.5,7,1.8,360,0.0,0.0,0.0,GK,Bournemouth,12.978452380952385,3,3.6666666666666665,10.61873376623377
58,Forster,4.0,0,0.0,0,0.0,0.0,0.0,GK,Bournemouth,0.0,3,3.6666666666666665,0.0
59,Dennis,4.0,0,0.0,0,0.0,0.0,0.0,GK,Bournemouth,0.0,3,3.6666666666666665,0.0
60,Hill,5.5,8,2.0,360,0.0,0.77,0.77,DEF,Bournemouth,10.516666666666666,3,3.6666666666666665,8.604545454545454
61,Truffert,5.5,8,2.0,360,0.09,0.23,0.32,DEF,Bournemouth,10.515,3,3.6666666666666665,8.603181818181818
62,Diakité,5.0,0,0.0,0,0.0,0.0,0.0,DEF,Bournemouth,0.0,3,3.6666666666666665,0.0
63,Milosavljević,4.9,0,0.0,0,0.0,0.0,0.0,DEF,Bournemouth,0.0,3,3.6666666666666665,0.0
64,Smith,4.5,2,0.5,360,0.01,0.07,0.08,DEF,Bournemouth,5.304166666666667,3,3.6666666666666665,4.339772727272728
65,J.Araujo,4.4,0,0.0,0,0.0,0.0,0.0,DEF,Bournemouth,0.0,3,3.6666666666666665,0.0
66,Soler,4.0,0,0.0,0,0.0,0.0,0.0,DEF,Bournemouth,0.0,3,3.6666666666666665,0.0
67,Rayan,6.4,8,2.0,347,0.87,0.08,0.95,MID,Bournemouth,11.79,3,3.6666666666666665,9.646363636363636
68,Tavernier,6.0,29,7.2,350,1.7,0.81,2.51,MID,Bournemouth,25.06,3,3.6666666666666665,20.503636363636364
69,Scott,6.1,28,7.0,356,0.52,0.35,0.87,MID,Bournemouth,16.5,3,3.6666666666666665,13.5
70,Kluivert,6.0,15,3.8,294,0.99,0.08,1.07,MID,Bournemouth,11.89,3,3.6666666666666665,9.728181818181818
71,Cook,5.0,7,1.8,165,0.0,0.01,0.01,MID,Bournemouth,4.21,3,3.6666666666666665,3.444545454545455
72,Gannon-Doak,4.9,3,0.8,10,0.12,0.03,0.15,MID,Bournemouth,2.62,3,3.6666666666666665,2.143636363636364
73,Adams,5.0,8,2.0,192,0.03,0.03,0.06,MID,Bournemouth,8.595,3,3.6666666666666665,7.032272727272728
74,Brooks,5.0,2,0.5,30,0.0,0.01,0.01,MID,Bournemouth,0.99,3,3.6666666666666665,0.81
75,Christie,5.0,3,0.8,28,0.0,0.12,0.12,MID,Bournemouth,2.56,3,3.6666666666666665,2.0945454545454547
76,Tóth.A,5.0,1,0.2,15,0.0,0.0,0.0,MID,Bournemouth,1.08,3,3.6666666666666665,0.8836363636363638
77,Adli,4.9,0,0.0,0,0.0,0.0,0.0,MID,Bournemouth,0.0,3,3.6666666666666665,0.0
78,Kroupi.Jr,7.4,0,0.0,0,0.0,0.0,0.0,MID,Bournemouth,0.0,3,3.6666666666666665,0.0
79,Evanilson,6.0,16,4.0,334,0.71,0.51,1.22,FWD,Bournemouth,25.21,3,3.6666666666666665,20.62636363636364
80,Enes Ünal,5.5,0,0.0,0,0.0,0.0,0.0,FWD,Bournemouth,0.0,3,3.6666666666666665,0.0
81,Rodríguez,6.0,2,0.5,10,0.0,0.0,0.0,FWD,Bournemouth,1.7,3,3.6666666666666665,1.3909090909090909
566,Silva,5.0,10,2.5,360,0.85,0.27,1.12,DEF,Bournemouth,11.92,3,3.6666666666666665,9.752727272727274
573,Sanchez,4.5,0,0.0,0,0.0,0.0,0.0,DEF,Bournemouth,0.0,3,3.6666666666666665,0.0
608,Jebbison,5.0,2,0.5,16,0.1,0.0,0.1,FWD,Bournemouth,2.04,3,3.6666666666666665,1.6690909090909092
615,Di Gregorio,4.5,0,0.0,0,0.0,0.0,0.0,GK,Bournemouth,0.0,3,3.6666666666666665,0.0
82,Kelleher,5.0,14,3.5,360,0.0,0.01,0.01,GK,Brentford,12.7865,4,3.6666666666666665,10.46168181818182
83,Valdimarsson,4.5,0,0.0,0,0.0,0.0,0.0,GK,Brentford,0.0,4,3.6666666666666665,0.0
84,Collins,5.5,10,2.5,196,0.51,0.05,0.56,DEF,Brentford,11.29,4,3.6666666666666665,9.237272727272726
85,Van den Berg,4.9,0,0.0,0,0.0,0.0,0.0,DEF,Brentford,0.0,4,3.6666666666666665,0.0
86,Lewis-Potter,5.5,19,4.8,326,1.06,0.78,1.84,MID,Brentford,19.99,4,3.6666666666666665,16.355454545454545
87,Ajer,4.5,14,3.5,360,0.13,0.03,0.16,DEF,Brentford,13.485,4,3.6666666666666665,11.033181818181818
88,Kayode,4.6,17,4.2,226,0.55,0.36,0.91,DEF,Brentford,15.7,4,3.6666666666666665,12.845454545454546
89,Henry,4.5,1,0.2,2,0.0,0.0,0.0,DEF,Brentford,1.0,4,3.6666666666666665,0.8181818181818182
90,Hickey,4.5,4,1.0,131,0.03,0.05,0.08,DEF,Brentford,6.34,4,3.6666666666666665,5.1872727272727275
92,Ji-soo,4.5,0,0.0,0,0.0,0.0,0.0,DEF,Brentford,0.0,4,3.6666666666666665,0.0
93,Schuster,4.5,7,1.8,163,0.1,0.02,0.12,DEF,Brentford,6.93,4,3.6666666666666665,5.67
94,Schade,6.0,30,7.5,357,0.98,0.3,1.28,MID,Brentford,25.49,4,3.6666666666666665,20.855454545454545
95,O.Dango,6.4,6,1.5,170,0.09,0.39,0.48,MID,Brentford,5.96,4,3.6666666666666665,4.876363636363637
96,Damsgaard,5.5,13,3.2,197,0.13,0.45,0.58,MID,Brentford,11.49,4,3.6666666666666665,9.400909090909092
97,Jensen,5.4,6,1.5,66,0.08,0.34,0.42,MID,Brentford,4.85,4,3.6666666666666665,3.9681818181818183
98,Janelt,5.0,25,6.2,360,0.5,0.4,0.9,MID,Brentford,15.32,4,3.6666666666666665,12.534545454545455
99,Milambo,5.0,0,0.0,0,0.0,0.0,0.0,MID,Brentford,0.0,4,3.6666666666666665,0.0
100,Carvalho,5.0,0,0.0,0,0.0,0.0,0.0,MID,Brentford,0.0,4,3.6666666666666665,0.0
102,Yarmoliuk,4.9,6,1.5,148,0.07,0.24,0.31,MID,Brentford,5.81,4,3.6666666666666665,4.753636363636364
103,Dasilva,4.9,0,0.0,0,0.0,0.0,0.0,MID,Brentford,0.0,4,3.6666666666666665,0.0
105,Anthony,5.9,5,1.2,187,0.19,0.52,0.71,MID,Brentford,6.55,4,3.6666666666666665,5.359090909090909
106,Thiago,7.9,5,1.2,352,2.41,0.13,2.54,FWD,Brentford,13.04,4,3.6666666666666665,10.66909090909091
107,Furo,4.5,0,0.0,0,0.0,0.0,0.0,FWD,Brentford,0.0,4,3.6666666666666665,0.0
108,Wilson,5.5,3,0.8,13,0.07,0.04,0.11,FWD,Brentford,2.75,4,3.6666666666666665,2.25
565,M.Sangaré,5.7,22,5.5,300,0.41,0.65,1.06,MID,Brentford,18.3,4,3.6666666666666665,14.972727272727274
620,Diouf,4.5,1,0.3,30,0.0,0.01,0.01,DEF,Brentford,0.95,4,3.6666666666666665,0.7772727272727273
657,Nunes,4.5,0,0.0,0,0.0,0.0,0.0,MID,Brentford,0.0,4,3.6666666666666665,0.0
109,Verbruggen,4.5,17,4.2,360,0.0,0.2,0.2,GK,Brighton,9.88,5,3.0,9.88
111,Steele,4.0,0,0.0,0,0.0,0.0,0.0,GK,Brighton,0.0,5,3.0,0.0
113,F.Kadıoğlu,4.4,8,2.0,257,0.08,0.11,0.19,DEF,Brighton,8.01,5,3.0,8.01
114,Boscagli,4.5,13,3.2,347,0.06,0.51,0.57,DEF,Brighton,11.98,5,3.0,11.98
115,De Cuyper,4.8,32,8.0,333,1.53,0.44,1.97,DEF,Brighton,27.84,5,3.0,27.84
116,Dunk,4.5,22,5.5,360,0.03,0.09,0.12,DEF,Brighton,17.0775,5,3.0,17.0775
117,Coppola,4.5,0,0.0,0,0.0,0.0,0.0,DEF,Brighton,0.0,5,3.0,0.0
118,Igor,4.5,0,0.0,0,0.0,0.0,0.0,DEF,Brighton,0.0,5,3.0,0.0
119,Costinha,4.5,3,0.8,54,0.12,0.16,0.28,DEF,Brighton,3.33,5,3.0,3.33
120,Svoboda,5.0,0,0.0,0,0.0,0.0,0.0,DEF,Brighton,0.0,5,3.0,0.0
121,Mitoma,5.9,0,0.0,0,0.0,0.0,0.0,MID,Brighton,0.0,5,3.0,0.0
122,Minteh,5.9,0,0.0,0,0.0,0.0,0.0,MID,Brighton,0.0,5,3.0,0.0
123,Hinshelwood,6.0,16,4.0,63,1.41,0.02,1.43,MID,Brighton,3.11,5,3.0,3.11
124,Groß,5.6,33,8.2,360,1.66,0.61,2.27,MID,Brighton,22.91,5,3.0,22.91
125,Georginio,5.4,5,1.2,90,0.08,0.44,0.52,FWD,Brighton,4.83,5,3.0,4.83
126,O'Riley,5.5,1,0.2,6,0.0,0.01,0.01,MID,Brighton,0.93,5,3.0,0.93
127,Gomez,5.0,16,4.0,348,0.79,0.76,1.55,MID,Brighton,19.36,5,3.0,19.36
128,Buonanotte,5.0,0,0.0,0,0.0,0.0,0.0,MID,Brighton,0.0,5,3.0,0.0
129,Ayari,5.4,12,3.0,243,0.59,0.1,0.69,MID,Brighton,11.79,5,3.0,11.79
130,Wieffer,5.0,7,1.8,156,0.12,0.13,0.25,DEF,Brighton,6.5,5,3.0,6.5
132,Howell,4.5,0,0.0,0,0.0,0.0,0.0,MID,Brighton,0.0,5,3.0,0.0
133,Watson,5.0,0,0.0,0,0.0,0.0,0.0,MID,Brighton,0.0,5,3.0,0.0
134,Oriola,4.5,0,0.0,0,0.0,0.0,0.0,MID,Brighton,0.0,5,3.0,0.0
135,Yohanna,4.9,1,0.2,12,0.0,0.03,0.03,MID,Brighton,1.67,5,3.0,1.67
137,Tzimas,5.4,0,0.0,0,0.0,0.0,0.0,FWD,Brighton,0.0,5,3.0,0.0
138,Kostoulas,5.5,18,4.5,278,1.17,0.05,1.22,FWD,Brighton,15.47,5,3.0,15.47
139,Ferguson,5.0,0,0.0,0,0.0,0.0,0.0,FWD,Brighton,0.0,5,3.0,0.0
328,Struijk,5.0,2,0.5,13,0.0,0.01,0.01,DEF,Brighton,1.61,5,3.0,1.61
504,Vuskovic,5.0,24,6.0,347,0.46,0.07,0.53,DEF,Brighton,20.47,5,3.0,20.47
594,David,6.0,1,0.2,23,0.42,0.0,0.42,FWD,Brighton,1.86,5,3.0,1.86
600,Osman,5.0,3,0.8,40,0.05,0.07,0.12,MID,Brighton,2.87,5,3.0,2.87
605,Yalcouyé,4.5,19,4.8,231,1.42,0.27,1.69,MID,Brighton,18.95,5,3.0,18.95
614,Hadjam,4.5,0,0.0,0,0.0,0.0,0.0,DEF,Brighton,0.0,5,3.0,0.0
624,Cozier-Duberry,5.0,0,0.0,0,0.0,0.0,0.0,MID,Brighton,0.0,5,3.0,0.0
639,Andrés,5.5,4,2.0,25,0.24,0.01,0.25,MID,Brighton,3.16,5,3.0,3.16
652,Azeez,5.5,0,0.0,0,0.0,0.0,0.0,MID,Brighton,0.0,5,3.0,0.0
658,Ibrahim,4.5,0,0.0,0,0.0,0.0,0.0,MID,Brighton,0.0,5,3.0,0.0
28,Martinez,5.0,7,1.8,270,0.0,0.01,0.01,GK,Chelsea,10.193055555555555,6,2.6666666666666665,11.4671875
40,Rogers,7.7,27,6.8,347,1.39,1.16,2.55,MID,Chelsea,23.54,6,2.6666666666666665,26.482499999999998
101,Henderson,4.9,0,0.0,0,0.0,0.0,0.0,MID,Chelsea,0.0,6,2.6666666666666665,0.0
136,Welbeck,5.9,2,0.5,15,0.0,0.06,0.06,FWD,Chelsea,2.3,6,2.6666666666666665,2.5875
140,Sánchez,4.9,2,0.5,90,0.0,0.01,0.01,GK,Chelsea,2.388,6,2.6666666666666665,2.6864999999999997
141,Jörgensen,5.0,0,0.0,0,0.0,0.0,0.0,GK,Chelsea,0.0,6,2.6666666666666665,0.0
142,James,5.4,3,0.8,292,0.33,0.26,0.59,DEF,Chelsea,7.14,6,2.6666666666666665,8.032499999999999
143,Chalobah,5.5,0,0.0,0,0.0,0.0,0.0,DEF,Chelsea,0.0,6,2.6666666666666665,0.0
144,Gusto,5.0,4,1.0,272,0.08,0.12,0.2,DEF,Chelsea,8.3,6,2.6666666666666665,9.3375
145,Fofana,5.0,4,1.0,242,0.0,0.08,0.08,DEF,Chelsea,5.687333333333333,6,2.6666666666666665,6.39825
146,B.Badiashile,4.5,0,0.0,0,0.0,0.0,0.0,DEF,Chelsea,0.0,6,2.6666666666666665,0.0
148,Hato,4.5,8,2.0,258,0.01,0.21,0.22,DEF,Chelsea,7.92,6,2.6666666666666665,8.91
149,Colwill,4.9,2,0.5,251,0.01,0.04,0.05,DEF,Chelsea,4.0633333333333335,6,2.6666666666666665,4.57125
150,M.Sarr,4.5,0,0.0,0,0.0,0.0,0.0,DEF,Chelsea,0.0,6,2.6666666666666665,0.0
151,Acheampong,4.5,5,1.2,202,0.0,0.02,0.02,DEF,Chelsea,6.85,6,2.6666666666666665,7.70625
152,Palestra,5.3,0,0.0,0,0.0,0.0,0.0,DEF,Chelsea,0.0,6,2.6666666666666665,0.0
154,Palmer,9.7,26,6.5,352,1.18,0.61,1.79,MID,Chelsea,25.29,6,2.6666666666666665,28.451249999999998
156,Neto,6.5,12,3.0,246,0.52,0.53,1.05,MID,Chelsea,14.49,6,2.6666666666666665,16.30125
157,Estêvão,6.3,3,0.8,20,0.07,0.07,0.14,MID,Chelsea,2.78,6,2.6666666666666665,3.1275
158,Gittens,5.9,0,0.0,0,0.0,0.0,0.0,MID,Chelsea,0.0,6,2.6666666666666665,0.0
159,Caicedo,5.4,1,0.2,13,0.0,0.0,0.0,MID,Chelsea,1.01,6,2.6666666666666665,1.13625
161,Lavia,5.0,11,2.8,258,0.75,0.11,0.86,MID,Chelsea,11.89,6,2.6666666666666665,13.37625
163,D.Essugo,4.5,0,0.0,0,0.0,0.0,0.0,MID,Chelsea,0.0,6,2.6666666666666665,0.0
164,Quenda,5.4,1,0.2,8,0.0,0.0,0.0,MID,Chelsea,1.0,6,2.6666666666666665,1.125
165,João Pedro,7.8,33,8.2,360,2.17,0.19,2.36,FWD,Chelsea,14.39,6,2.6666666666666665,16.18875
168,Marc Guiu,5.0,0,0.0,0,0.0,0.0,0.0,FWD,Chelsea,0.0,6,2.6666666666666665,0.0
169,Mheuka,4.5,0,0.0,0,0.0,0.0,0.0,FWD,Chelsea,0.0,6,2.6666666666666665,0.0
170,Emegha,5.0,0,0.0,0,0.0,0.0,0.0,FWD,Chelsea,0.0,6,2.6666666666666665,0.0
200,Lacroix,6.0,10,2.5,274,0.02,0.21,0.23,DEF,Chelsea,11.41,6,2.6666666666666665,12.83625
560,Penders,4.4,0,0.0,0,0.0,0.0,0.0,GK,Chelsea,0.0,6,2.6666666666666665,0.0
561,Anselmino,4.5,0,0.0,0,0.0,0.0,0.0,DEF,Chelsea,0.0,6,2.6666666666666665,0.0
568,Barco,5.5,1,0.2,29,0.04,0.09,0.13,MID,Chelsea,1.92,6,2.6666666666666665,2.16
583,Chavarria,4.9,4,1.0,118,0.0,0.03,0.03,DEF,Chelsea,3.98,6,2.6666666666666665,4.4775
91,Pinnock,4.5,6,1.5,192,0.12,0.0,0.12,DEF,Coventry City,8.436190476190477,7,2.3333333333333335,10.846530612244898
104,Onyeka,4.9,6,1.5,224,0.03,0.02,0.05,MID,Coventry City,5.993333333333334,7,2.3333333333333335,7.7057142857142855
110,Rushworth,4.5,5,1.2,360,0.0,0.02,0.02,GK,Coventry City,12.462166666666668,7,2.3333333333333335,16.022785714285714
171,Dovin,4.0,0,0.0,0,0.0,0.0,0.0,GK,Coventry City,0.0,7,2.3333333333333335,0.0
172,Wilson,4.5,0,0.0,0,0.0,0.0,0.0,GK,Coventry City,0.0,7,2.3333333333333335,0.0
173,Thomas,4.0,15,3.8,347,0.43,0.26,0.69,DEF,Coventry City,14.35,7,2.3333333333333335,18.45
174,Kitching,4.0,0,0.0,0,0.0,0.0,0.0,DEF,Coventry City,0.0,7,2.3333333333333335,0.0
175,van Ewijk,4.0,6,1.5,360,0.0,0.3,0.3,DEF,Coventry City,6.83,7,2.3333333333333335,8.78142857142857
176,Dasilva,4.0,5,1.2,354,0.18,0.48,0.66,DEF,Coventry City,7.9,7,2.3333333333333335,10.157142857142857
177,Kesler-Hayden,4.0,0,0.0,0,0.0,0.0,0.0,DEF,Coventry City,0.0,7,2.3333333333333335,0.0
178,Bidwell,4.0,0,0.0,0,0.0,0.0,0.0,DEF,Coventry City,0.0,7,2.3333333333333335,0.0
179,Latibeaudiere,4.0,0,0.0,0,0.0,0.0,0.0,DEF,Coventry City,0.0,7,2.3333333333333335,0.0
180,Woolfenden,4.0,0,0.0,0,0.0,0.0,0.0,DEF,Coventry City,0.0,7,2.3333333333333335,0.0
181,Brau,4.0,0,0.0,0,0.0,0.0,0.0,DEF,Coventry City,0.0,7,2.3333333333333335,0.0
182,Amenda,4.0,4,1.0,360,0.02,0.39,0.41,DEF,Coventry City,8.01,7,2.3333333333333335,10.298571428571428
183,Rudoni,5.0,8,2.0,224,0.83,0.91,1.74,MID,Coventry City,10.65,7,2.3333333333333335,13.692857142857141
184,Grimes,4.9,8,2.0,353,0.1,0.07,0.17,MID,Coventry City,9.32,7,2.3333333333333335,11.982857142857142
185,Sakamoto,4.9,1,0.2,31,0.02,0.02,0.04,MID,Coventry City,1.49,7,2.3333333333333335,1.9157142857142855
186,Mason-Clark,5.4,4,1.0,186,0.49,0.07,0.56,MID,Coventry City,6.49,7,2.3333333333333335,8.344285714285714
187,Eccles,4.9,0,0.0,0,0.0,0.0,0.0,MID,Coventry City,0.0,7,2.3333333333333335,0.0
188,Torp,5.4,3,0.8,53,0.0,0.12,0.12,MID,Coventry City,2.87,7,2.3333333333333335,3.69
189,Shepherd,4.5,0,0.0,0,0.0,0.0,0.0,MID,Coventry City,0.0,7,2.3333333333333335,0.0
190,Tchaouna,5.4,4,1.0,166,0.19,0.18,0.37,MID,Coventry City,5.0,7,2.3333333333333335,6.428571428571428
191,Borges Rodrigues,4.5,0,0.0,0,0.0,0.0,0.0,MID,Coventry City,0.0,7,2.3333333333333335,0.0
192,Andrews,4.5,0,0.0,0,0.0,0.0,0.0,MID,Coventry City,0.0,7,2.3333333333333335,0.0
193,Wright,5.4,0,0.0,0,0.0,0.0,0.0,FWD,Coventry City,0.0,7,2.3333333333333335,0.0
194,Thomas-Asante,5.0,5,1.2,137,0.21,0.05,0.26,FWD,Coventry City,5.51,7,2.3333333333333335,7.084285714285714
195,Simms,5.0,3,0.8,88,0.3,0.01,0.31,FWD,Coventry City,3.82,7,2.3333333333333335,4.911428571428571
196,Markelo,5.0,0,0.0,0,0.0,0.0,0.0,FWD,Coventry City,0.0,7,2.3333333333333335,0.0
197,Bassette,4.5,0,0.0,0,0.0,0.0,0.0,FWD,Coventry City,0.0,7,2.3333333333333335,0.0
492,Awoniyi,5.5,3,0.8,232,1.3,0.04,1.34,FWD,Coventry City,15.53,7,2.3333333333333335,19.967142857142854
575,Yirenkyi,4.9,6,1.5,175,0.03,0.14,0.17,MID,Coventry City,6.47,7,2.3333333333333335,8.318571428571428
584,Hamer,5.4,3,0.8,32,0.0,0.02,0.02,MID,Coventry City,2.63,7,2.3333333333333335,3.381428571428571
599,Cherif,5.0,1,0.2,30,0.0,0.0,0.0,FWD,Coventry City,1.23,7,2.3333333333333335,1.5814285714285712
623,Bentley,4.0,0,0.0,0,0.0,0.0,0.0,GK,Coventry City,0.0,7,2.3333333333333335,0.0
655,Gboho,5.5,0,0.0,0,0.0,0.0,0.0,MID,Coventry City,0.0,7,2.3333333333333335,0.0
656,Mfuni,4.0,0,0.0,0,0.0,0.0,0.0,DEF,Coventry City,0.0,7,2.3333333333333335,0.0
42,Guessand,5.5,2,0.5,54,0.03,0.03,0.06,MID,Crystal Palace,2.36,8,2.6666666666666665,2.655
153,Disasi,4.5,1,0.2,139,0.0,0.04,0.04,DEF,Crystal Palace,2.12,8,2.6666666666666665,2.3850000000000002
198,Henderson,5.0,5,1.2,270,0.0,0.0,0.0,GK,Crystal Palace,9.812103174603173,8,2.6666666666666665,11.03861607142857
199,Benitez,4.5,2,0.5,90,0.0,0.0,0.0,GK,Crystal Palace,2.8953214285714286,8,2.6666666666666665,3.257236607142857
202,Richards,5.0,6,1.5,360,0.08,0.06,0.14,DEF,Crystal Palace,8.48,8,2.6666666666666665,9.540000000000001
203,Canvot,4.9,2,0.5,270,0.05,0.01,0.06,DEF,Crystal Palace,4.26,8,2.6666666666666665,4.7924999999999995
204,Mitchell,4.5,17,4.2,329,0.77,0.24,1.01,DEF,Crystal Palace,15.81,8,2.6666666666666665,17.78625
205,Sosa,4.5,0,0.0,0,0.0,0.0,0.0,DEF,Crystal Palace,0.0,8,2.6666666666666665,0.0
206,Chadi Riad,4.4,1,0.2,72,0.0,0.01,0.01,DEF,Crystal Palace,2.3330357142857143,8,2.6666666666666665,2.6246651785714286
207,Mingueza,4.4,2,0.5,16,0.0,0.0,0.0,DEF,Crystal Palace,1.61,8,2.6666666666666665,1.81125
208,Sarr,6.2,0,0.0,0,0.0,0.0,0.0,MID,Crystal Palace,0.0,8,2.6666666666666665,0.0
210,Wharton,5.5,10,2.5,346,0.08,0.36,0.44,MID,Crystal Palace,11.9,8,2.6666666666666665,13.387500000000001
211,Yeremy,5.5,12,3.0,226,0.36,0.4,0.76,MID,Crystal Palace,12.45,8,2.6666666666666665,14.00625
212,Hughes,4.5,2,0.5,29,0.0,0.04,0.04,MID,Crystal Palace,2.04,8,2.6666666666666665,2.295
213,Lerma,4.9,1,0.2,6,0.0,0.0,0.0,MID,Crystal Palace,1.0,8,2.6666666666666665,1.125
214,Kamada,5.0,18,4.5,351,0.05,0.35,0.4,MID,Crystal Palace,16.05,8,2.6666666666666665,18.056250000000002
215,Devenny,5.0,0,0.0,0,0.0,0.0,0.0,MID,Crystal Palace,0.0,8,2.6666666666666665,0.0
216,Esse,5.0,0,0.0,0,0.0,0.0,0.0,MID,Crystal Palace,0.0,8,2.6666666666666665,0.0
217,M.França,4.9,0,0.0,0,0.0,0.0,0.0,MID,Crystal Palace,0.0,8,2.6666666666666665,0.0
218,Doucouré,4.9,0,0.0,0,0.0,0.0,0.0,MID,Crystal Palace,0.0,8,2.6666666666666665,0.0
219,J.Rak-Sakyi,4.9,0,0.0,0,0.0,0.0,0.0,MID,Crystal Palace,0.0,8,2.6666666666666665,0.0
220,Cardines,4.5,0,0.0,0,0.0,0.0,0.0,DEF,Crystal Palace,0.0,8,2.6666666666666665,0.0
221,Drakes-Thomas,4.5,0,0.0,0,0.0,0.0,0.0,MID,Crystal Palace,0.0,8,2.6666666666666665,0.0
222,Strand Larsen,6.0,12,3.0,217,0.39,0.03,0.42,FWD,Crystal Palace,12.43,8,2.6666666666666665,13.98375
223,Mateta,6.3,2,0.5,62,0.7,0.02,0.72,FWD,Crystal Palace,3.07,8,2.6666666666666665,3.45375
224,Nketiah,5.5,7,1.8,167,1.1,0.58,1.68,FWD,Crystal Palace,7.79,8,2.6666666666666665,8.76375
225,Uche,5.0,0,0.0,0,0.0,0.0,0.0,FWD,Crystal Palace,0.0,8,2.6666666666666665,0.0
241,McNeil,5.4,3,0.8,84,0.05,0.02,0.07,MID,Crystal Palace,3.64,8,2.6666666666666665,4.095
555,Matthews,4.0,0,0.0,0,0.0,0.0,0.0,GK,Crystal Palace,0.0,8,2.6666666666666665,0.0
577,Tomiyasu,4.5,2,0.5,144,0.0,0.02,0.02,DEF,Crystal Palace,2.48,8,2.6666666666666665,2.79
588,Khalaili,5.0,13,3.2,289,0.96,0.31,1.27,DEF,Crystal Palace,18.32,8,2.6666666666666665,20.61
595,Gozo,5.0,2,0.5,28,0.0,0.0,0.0,MID,Crystal Palace,1.61,8,2.6666666666666665,1.81125
633,Ahanor,4.5,3,1.5,90,0.0,0.01,0.01,DEF,Crystal Palace,2.8228690476190472,8,2.6666666666666665,3.175727678571428
643,Chilwell,4.5,8,4.0,29,0.27,0.01,0.28,DEF,Crystal Palace,5.78,8,2.6666666666666665,6.5025
644,Timber,5.0,6,3.0,163,0.12,0.03,0.15,MID,Crystal Palace,6.55,8,2.6666666666666665,7.3687499999999995
647,Osorio,5.5,1,0.5,1,0.0,0.0,0.0,MID,Crystal Palace,0.98,8,2.6666666666666665,1.1025
21,Nørgaard,4.9,0,0.0,0,0.0,0.0,0.0,MID,Everton,0.0,9,2.3333333333333335,0.0
209,Johnson,5.9,6,1.5,173,0.21,0.22,0.43,MID,Everton,5.89,9,2.3333333333333335,7.572857142857142
226,Pickford,5.5,17,4.2,360,0.0,0.02,0.02,GK,Everton,17.186666666666667,9,2.3333333333333335,22.097142857142856
227,Travers,5.0,0,0.0,0,0.0,0.0,0.0,GK,Everton,0.0,9,2.3333333333333335,0.0
228,King,4.5,0,0.0,0,0.0,0.0,0.0,GK,Everton,0.0,9,2.3333333333333335,0.0
229,Tarkowski,6.0,29,7.2,360,0.17,0.03,0.2,DEF,Everton,26.46,9,2.3333333333333335,34.019999999999996
230,Branthwaite,5.5,19,4.8,360,0.17,0.02,0.19,DEF,Everton,18.961666666666666,9,2.3333333333333335,24.37928571428571
231,Keane,4.8,0,0.0,0,0.0,0.0,0.0,DEF,Everton,0.0,9,2.3333333333333335,0.0
232,O'Brien,4.9,1,0.2,15,0.0,0.0,0.0,DEF,Everton,1.12,9,2.3333333333333335,1.44
233,Mykolenko,4.5,22,5.5,360,0.0,0.14,0.14,DEF,Everton,15.739166666666668,9,2.3333333333333335,20.236071428571428
234,Patterson,4.5,0,0.0,0,0.0,0.0,0.0,DEF,Everton,0.0,9,2.3333333333333335,0.0
235,Aznou,4.0,0,0.0,0,0.0,0.0,0.0,DEF,Everton,0.0,9,2.3333333333333335,0.0
236,Dewsbury-Hall,6.5,17,4.2,360,0.62,0.49,1.11,MID,Everton,17.22,9,2.3333333333333335,22.139999999999997
238,Grealish,6.5,3,0.8,57,0.02,0.14,0.16,MID,Everton,3.02,9,2.3333333333333335,3.8828571428571426
239,Garner,6.0,8,2.0,238,0.04,0.13,0.17,MID,Everton,10.28,9,2.3333333333333335,13.217142857142855
242,George,5.5,18,4.5,298,0.32,0.31,0.63,MID,Everton,14.72,9,2.3333333333333335,18.925714285714285
243,Alcaraz,4.9,1,0.2,5,0.05,0.02,0.07,MID,Everton,1.29,9,2.3333333333333335,1.6585714285714284
244,Armstrong,5.0,14,3.5,356,0.09,0.12,0.21,MID,Everton,12.35,9,2.3333333333333335,15.878571428571426
245,Dibling,5.4,0,0.0,0,0.0,0.0,0.0,MID,Everton,0.0,9,2.3333333333333335,0.0
246,Röhl,5.0,6,1.5,249,0.0,0.2,0.2,MID,Everton,6.33,9,2.3333333333333335,8.138571428571428
247,Hackney,5.5,9,2.2,136,0.05,0.13,0.18,MID,Everton,8.0,9,2.3333333333333335,10.285714285714285
248,Beto,5.4,2,0.5,31,0.09,0.0,0.09,FWD,Everton,2.39,9,2.3333333333333335,3.0728571428571425
249,Barry,5.6,14,3.5,327,2.98,0.14,3.12,FWD,Everton,15.73,9,2.3333333333333335,20.224285714285713
649,Maitland-Niles,4.5,13,6.5,87,0.06,0.14,0.2,DEF,Everton,5.17,9,2.3333333333333335,6.647142857142857
654,Graham,4.5,0,0.0,0,0.0,0.0,0.0,MID,Everton,0.0,9,2.3333333333333335,0.0
250,Leno,4.5,15,3.8,360,0.0,0.0,0.0,GK,Fulham,12.978452380952385,10,3.3333333333333335,11.680607142857145
251,Lecomte,4.0,0,0.0,0,0.0,0.0,0.0,GK,Fulham,0.0,10,3.3333333333333335,0.0
252,McNally,4.0,0,0.0,0,0.0,0.0,0.0,GK,Fulham,0.0,10,3.3333333333333335,0.0
253,Andersen,5.0,2,0.5,180,0.0,0.1,0.1,DEF,Fulham,5.21,10,3.3333333333333335,4.688999999999999
254,Robinson,4.5,10,2.5,339,0.26,0.21,0.47,DEF,Fulham,15.01,10,3.3333333333333335,13.508999999999999
255,J.Cuenca,4.5,3,0.8,90,0.0,0.03,0.03,DEF,Fulham,2.8418333333333328,10,3.3333333333333335,2.5576499999999993
256,Tete,4.4,0,0.0,27,0.0,0.0,0.0,DEF,Fulham,0.6557142857142857,10,3.3333333333333335,0.5901428571428571
257,Bassey,4.5,9,2.2,360,0.07,0.07,0.14,DEF,Fulham,9.3825,10,3.3333333333333335,8.44425
258,Castagne,4.5,19,4.8,318,0.67,0.38,1.05,DEF,Fulham,16.43,10,3.3333333333333335,14.786999999999999
261,Iwobi,5.4,9,2.2,338,0.2,0.81,1.01,MID,Fulham,10.62,10,3.3333333333333335,9.557999999999998
262,Smith Rowe,5.4,3,0.8,38,0.06,0.02,0.08,MID,Fulham,2.89,10,3.3333333333333335,2.601
263,Kevin,5.3,3,0.8,42,0.03,0.12,0.15,MID,Fulham,2.83,10,3.3333333333333335,2.5469999999999997
264,Bobb,5.5,10,2.5,273,0.32,1.05,1.37,MID,Fulham,12.77,10,3.3333333333333335,11.492999999999999
265,Berge,4.9,8,2.0,273,0.03,0.34,0.37,MID,Fulham,8.75,10,3.3333333333333335,7.874999999999999
266,Cairney,5.0,0,0.0,0,0.0,0.0,0.0,MID,Fulham,0.0,10,3.3333333333333335,0.0
268,King,5.5,22,5.5,346,1.16,0.43,1.59,MID,Fulham,21.35,10,3.3333333333333335,19.215
269,Sessegnon,4.4,3,0.8,50,0.13,0.44,0.57,DEF,Fulham,3.48,10,3.3333333333333335,3.1319999999999997
270,Reed,4.5,0,0.0,0,0.0,0.0,0.0,MID,Fulham,0.0,10,3.3333333333333335,0.0
271,Muniz,5.4,3,0.8,28,0.4,0.0,0.4,FWD,Fulham,3.2,10,3.3333333333333335,2.88
272,Kusi-Asare,4.5,0,0.0,0,0.0,0.0,0.0,FWD,Fulham,0.0,10,3.3333333333333335,0.0
569,Gonzalo,6.0,12,3.0,346,1.64,0.25,1.89,FWD,Fulham,15.78,10,3.3333333333333335,14.201999999999998
570,Palacios,5.5,11,2.8,207,0.98,0.03,1.01,MID,Fulham,10.83,10,3.3333333333333335,9.747
580,Charles,5.0,9,2.2,213,0.09,0.14,0.23,MID,Fulham,7.52,10,3.3333333333333335,6.767999999999999
610,De Fougerolles,4.0,0,0.0,0,0.0,0.0,0.0,DEF,Fulham,0.0,10,3.3333333333333335,0.0
626,Zepa,4.5,0,0.0,0,0.0,0.0,0.0,MID,Fulham,0.0,10,3.3333333333333335,0.0
635,Larsson,5.0,2,1.0,24,0.13,0.23,0.36,MID,Fulham,2.51,10,3.3333333333333335,2.2589999999999995
636,Ángel,5.0,0,0.0,0,0.0,0.0,0.0,MID,Fulham,0.0,10,3.3333333333333335,0.0
650,Affengruber,4.5,8,4.0,90,0.0,0.0,0.0,DEF,Fulham,2.8953214285714286,10,3.3333333333333335,2.6057892857142857
240,Iroegbunam,5.0,1,0.2,25,0.0,0.0,0.0,MID,Hull City,1.15,11,3.3333333333333335,1.035
273,Phillips,4.0,0,0.0,0,0.0,0.0,0.0,GK,Hull City,0.0,11,3.3333333333333335,0.0
274,Butland,4.5,0,0.0,0,0.0,0.0,0.0,GK,Hull City,0.0,11,3.3333333333333335,0.0
275,Cartwright,4.0,0,0.0,0,0.0,0.0,0.0,GK,Hull City,0.0,11,3.3333333333333335,0.0
276,Lo-Tutala,4.0,0,0.0,0,0.0,0.0,0.0,GK,Hull City,0.0,11,3.3333333333333335,0.0
277,Egan,4.1,25,6.2,360,0.04,0.0,0.04,DEF,Hull City,12.091857142857146,11,3.3333333333333335,10.88267142857143
278,Hughes,3.9,0,0.0,0,0.0,0.0,0.0,DEF,Hull City,0.0,11,3.3333333333333335,0.0
279,Ajayi,4.2,26,6.5,333,0.65,0.0,0.65,DEF,Hull City,21.656333333333333,11,3.3333333333333335,19.490699999999997
280,Coyle,4.0,13,3.2,258,0.13,0.03,0.16,DEF,Hull City,14.06,11,3.3333333333333335,12.654
281,Drameh,4.0,2,0.5,65,0.05,0.0,0.05,DEF,Hull City,2.33,11,3.3333333333333335,2.097
282,Giles,4.0,24,6.0,354,0.02,0.35,0.37,DEF,Hull City,15.67,11,3.3333333333333335,14.102999999999998
283,Jacob,4.0,0,0.0,0,0.0,0.0,0.0,DEF,Hull City,0.0,11,3.3333333333333335,0.0
284,McCarthy,4.0,0,0.0,0,0.0,0.0,0.0,DEF,Hull City,0.0,11,3.3333333333333335,0.0
285,McNair,4.0,1,0.2,26,0.0,0.0,0.0,DEF,Hull City,0.81,11,3.3333333333333335,0.729
286,Belloumi,5.0,27,6.8,312,0.37,0.12,0.49,MID,Hull City,21.47,11,3.3333333333333335,19.322999999999997
287,Millar,5.0,6,1.5,50,0.58,0.0,0.58,MID,Hull City,5.41,11,3.3333333333333335,4.869
288,Dowell,4.5,0,0.0,0,0.0,0.0,0.0,MID,Hull City,0.0,11,3.3333333333333335,0.0
289,Crooks,4.5,3,0.8,158,0.0,0.0,0.0,MID,Hull City,3.122452380952381,11,3.3333333333333335,2.8102071428571427
290,Slater,4.5,13,3.2,360,0.08,0.56,0.64,MID,Hull City,11.4,11,3.3333333333333335,10.26
291,Matazo,4.5,0,0.0,0,0.0,0.0,0.0,MID,Hull City,0.0,11,3.3333333333333335,0.0
292,Ömür,4.9,0,0.0,0,0.0,0.0,0.0,MID,Hull City,0.0,11,3.3333333333333335,0.0
293,Kamara,5.0,0,0.0,0,0.0,0.0,0.0,MID,Hull City,0.0,11,3.3333333333333335,0.0
294,Zambrano,4.5,0,0.0,0,0.0,0.0,0.0,MID,Hull City,0.0,11,3.3333333333333335,0.0
295,McBurnie,5.5,12,3.0,351,0.87,0.11,0.98,FWD,Hull City,13.31,11,3.3333333333333335,11.979
296,Akintola,5.0,0,0.0,0,0.0,0.0,0.0,MID,Hull City,0.0,11,3.3333333333333335,0.0
297,Gyabi,4.5,0,0.0,0,0.0,0.0,0.0,MID,Hull City,0.0,11,3.3333333333333335,0.0
298,Destan,4.5,0,0.0,0,0.0,0.0,0.0,FWD,Hull City,0.0,11,3.3333333333333335,0.0
299,Burstow,4.5,0,0.0,0,0.0,0.0,0.0,FWD,Hull City,0.0,11,3.3333333333333335,0.0
340,Gelhardt,5.0,0,0.0,0,0.0,0.0,0.0,MID,Hull City,0.0,11,3.3333333333333335,0.0
556,Targett,4.0,1,0.2,5,0.0,0.0,0.0,DEF,Hull City,1.03,11,3.3333333333333335,0.9269999999999999
563,Morita,5.0,1,0.2,45,0.0,0.0,0.0,MID,Hull City,1.1366666666666667,11,3.3333333333333335,1.023
572,Tzolakis,4.6,28,7.0,360,0.0,0.0,0.0,GK,Hull City,22.06364285714286,11,3.3333333333333335,19.857278571428573
574,Hjertø-Dahl,4.9,1,0.2,8,0.0,0.0,0.0,MID,Hull City,1.0,11,3.3333333333333335,0.8999999999999999
576,Stroud,5.0,7,1.8,249,0.06,0.05,0.11,MID,Hull City,7.49,11,3.3333333333333335,6.741
585,Herrington,4.0,4,1.0,107,0.0,0.01,0.01,DEF,Hull City,2.889285714285714,11,3.3333333333333335,2.6003571428571424
586,Mendy,4.1,25,6.2,249,0.32,0.0,0.32,DEF,Hull City,20.42,11,3.3333333333333335,18.378
589,Gourna-Douath,5.0,3,0.8,126,0.0,0.02,0.02,MID,Hull City,3.08,11,3.3333333333333335,2.772
617,Cho,5.0,3,1.0,45,0.52,0.16,0.68,MID,Hull City,4.55,11,3.3333333333333335,4.095
632,Ansah,5.0,0,0.0,0,0.0,0.0,0.0,FWD,Hull City,0.0,11,3.3333333333333335,0.0
637,Vaz,5.0,1,0.5,8,0.0,0.0,0.0,FWD,Hull City,1.0,11,3.3333333333333335,0.8999999999999999
638,Norton-Cuffy,4.0,1,0.5,34,0.05,0.0,0.05,DEF,Hull City,1.8,11,3.3333333333333335,1.6199999999999999
642,Thomas,5.5,2,1.0,57,0.02,0.07,0.09,MID,Hull City,2.88,11,3.3333333333333335,2.5919999999999996
645,Mouzakitis,5.0,0,0.0,0,0.0,0.0,0.0,MID,Hull City,0.0,11,3.3333333333333335,0.0
259,Diop,4.0,8,2.0,360,0.0,0.15,0.15,DEF,Ipswich Town,7.92,12,2.6666666666666665,8.91
267,Lukić,5.0,9,2.2,328,0.02,0.16,0.18,MID,Ipswich Town,10.79,12,2.6666666666666665,12.138749999999998
300,Walton,4.4,0,0.0,0,0.0,0.0,0.0,GK,Ipswich Town,0.0,12,2.6666666666666665,0.0
301,Palmer,4.0,0,0.0,0,0.0,0.0,0.0,GK,Ipswich Town,0.0,12,2.6666666666666665,0.0
302,Button,4.0,0,0.0,0,0.0,0.0,0.0,GK,Ipswich Town,0.0,12,2.6666666666666665,0.0
303,Kipré,4.0,0,0.0,0,0.0,0.0,0.0,DEF,Ipswich Town,0.0,12,2.6666666666666665,0.0
304,O'Shea,4.0,8,2.0,360,0.07,0.26,0.33,DEF,Ipswich Town,7.95,12,2.6666666666666665,8.94375
305,Davis,4.0,23,5.8,360,1.17,0.44,1.61,DEF,Ipswich Town,22.04,12,2.6666666666666665,24.794999999999998
306,Greaves,4.0,3,0.8,357,0.0,0.06,0.06,DEF,Ipswich Town,5.3020000000000005,12,2.6666666666666665,5.96475
307,Johnson,4.0,0,0.0,0,0.0,0.0,0.0,DEF,Ipswich Town,0.0,12,2.6666666666666665,0.0
308,Furlong,4.0,1,0.2,17,0.0,0.0,0.0,DEF,Ipswich Town,1.24,12,2.6666666666666665,1.395
309,Núñez,5.0,6,1.5,140,0.03,0.05,0.08,MID,Ipswich Town,5.97,12,2.6666666666666665,6.71625
310,Matusiwa,4.9,0,0.0,0,0.0,0.0,0.0,MID,Ipswich Town,0.0,12,2.6666666666666665,0.0
311,Burns,5.0,0,0.0,0,0.0,0.0,0.0,MID,Ipswich Town,0.0,12,2.6666666666666665,0.0
312,Taylor,4.5,0,0.0,0,0.0,0.0,0.0,MID,Ipswich Town,0.0,12,2.6666666666666665,0.0
313,Clarke,5.4,9,2.2,105,0.3,0.04,0.34,MID,Ipswich Town,4.21,12,2.6666666666666665,4.73625
314,Ogbene,4.9,0,0.0,0,0.0,0.0,0.0,MID,Ipswich Town,0.0,12,2.6666666666666665,0.0
315,Fatawu,5.5,9,2.2,286,0.03,0.83,0.86,MID,Ipswich Town,10.32,12,2.6666666666666665,11.61
316,Emersonn,5.5,24,6.0,237,1.48,0.11,1.59,FWD,Ipswich Town,20.48,12,2.6666666666666665,23.04
317,Hirst,5.0,0,0.0,0,0.0,0.0,0.0,FWD,Ipswich Town,0.0,12,2.6666666666666665,0.0
318,Philogene,5.4,1,0.2,28,0.02,0.0,0.01,MID,Ipswich Town,1.2,12,2.6666666666666665,1.3499999999999999
319,Szmodics,5.0,0,0.0,0,0.0,0.0,0.0,MID,Ipswich Town,0.0,12,2.6666666666666665,0.0
320,Akpom,5.0,6,1.5,69,0.97,0.0,0.97,FWD,Ipswich Town,4.82,12,2.6666666666666665,5.4225
321,Walle Egeli,4.5,1,0.2,10,0.0,0.0,0.0,FWD,Ipswich Town,1.06,12,2.6666666666666665,1.1925000000000001
322,Al-Hamadi,5.0,0,0.0,0,0.0,0.0,0.0,FWD,Ipswich Town,0.0,12,2.6666666666666665,0.0
323,McAteer,4.5,3,0.8,42,0.05,0.0,0.05,MID,Ipswich Town,2.82,12,2.6666666666666665,3.1725
324,Mehmeti,4.9,0,0.0,0,0.0,0.0,0.0,MID,Ipswich Town,0.0,12,2.6666666666666665,0.0
554,Van Oevelen,4.5,0,0.0,0,0.0,0.0,0.0,GK,Ipswich Town,0.0,12,2.6666666666666665,0.0
562,Maeda,5.4,7,1.8,243,0.71,0.01,0.72,MID,Ipswich Town,10.98,12,2.6666666666666665,12.352500000000001
564,Scherpen,4.5,7,1.8,360,0.0,0.01,0.01,GK,Ipswich Town,12.792500000000004,12,2.6666666666666665,14.391562500000004
571,Florentino,4.9,1,0.2,13,0.0,0.01,0.01,MID,Ipswich Town,1.22,12,2.6666666666666665,1.3725
591,Enciso,5.5,13,3.2,340,0.92,0.84,1.76,MID,Ipswich Town,18.52,12,2.6666666666666665,20.835
592,Ouattara,4.0,4,1.0,41,0.0,0.02,0.02,DEF,Ipswich Town,3.28,12,2.6666666666666665,3.69
602,Humphreys,4.5,0,0.0,0,0.0,0.0,0.0,MID,Ipswich Town,0.0,12,2.6666666666666665,0.0
619,Palacios,5.0,9,3.0,195,0.0,0.07,0.07,MID,Ipswich Town,8.913333333333334,12,2.6666666666666665,10.0275
640,Flemming,5.5,6,3.0,51,0.54,0.01,0.55,FWD,Ipswich Town,5.22,12,2.6666666666666665,5.8725
260,Wilson,6.3,4,1.0,127,0.01,0.06,0.07,MID,Leeds,4.98,13,3.3333333333333335,4.482
326,Perri,4.5,0,0.0,0,0.0,0.0,0.0,GK,Leeds,0.0,13,3.3333333333333335,0.0
327,Bijol,5.0,12,3.0,164,0.11,0.0,0.11,DEF,Leeds,9.99,13,3.3333333333333335,8.991
329,Rodon,4.4,7,1.8,123,0.03,0.06,0.09,DEF,Leeds,6.58,13,3.3333333333333335,5.922
330,Bogle,4.5,22,5.5,217,0.9,0.03,0.93,DEF,Leeds,13.11,13,3.3333333333333335,11.798999999999998
331,Gudmundsson,4.5,2,0.5,90,0.0,0.0,0.0,DEF,Leeds,2.8953214285714286,13,3.3333333333333335,2.6057892857142857
332,Justin,4.5,16,4.0,270,0.17,0.02,0.19,DEF,Leeds,15.31,13,3.3333333333333335,13.779
333,Bornauw,4.5,0,0.0,0,0.0,0.0,0.0,DEF,Leeds,0.0,13,3.3333333333333335,0.0
334,Muharemović,5.0,14,3.5,270,0.09,0.02,0.11,DEF,Leeds,11.96,13,3.3333333333333335,10.764
335,Stach,6.0,19,4.8,270,0.49,0.16,0.65,MID,Leeds,16.0,13,3.3333333333333335,14.399999999999999
336,Okafor,5.8,6,1.5,153,0.08,0.18,0.26,MID,Leeds,5.52,13,3.3333333333333335,4.967999999999999
337,Aaronson,5.4,5,1.2,154,0.01,0.02,0.03,MID,Leeds,4.18,13,3.3333333333333335,3.7619999999999996
338,Ampadu,5.4,9,2.2,270,0.01,0.14,0.15,MID,Leeds,8.73,13,3.3333333333333335,7.856999999999999
339,Longstaff,4.9,1,0.2,8,0.0,0.0,0.0,MID,Leeds,1.0,13,3.3333333333333335,0.8999999999999999
341,Gnonto,5.0,0,0.0,0,0.0,0.0,0.0,MID,Leeds,0.0,13,3.3333333333333335,0.0
342,Harrison,5.0,0,0.0,0,0.0,0.0,0.0,MID,Leeds,0.0,13,3.3333333333333335,0.0
343,James,4.9,1,0.2,22,0.24,0.01,0.25,MID,Leeds,1.82,13,3.3333333333333335,1.638
344,Gruev,5.0,0,0.0,0,0.0,0.0,0.0,MID,Leeds,0.0,13,3.3333333333333335,0.0
345,Tanaka,4.9,6,1.5,117,0.53,0.02,0.55,MID,Leeds,5.86,13,3.3333333333333335,5.274
346,Calvert-Lewin,6.0,10,2.5,252,1.61,0.08,1.69,FWD,Leeds,13.18,13,3.3333333333333335,11.861999999999998
347,Nmecha,5.4,5,1.2,38,0.27,0.14,0.41,FWD,Leeds,4.45,13,3.3333333333333335,4.005
348,Piroe,5.0,0,0.0,0,0.0,0.0,0.0,FWD,Leeds,0.0,13,3.3333333333333335,0.0
349,Mateo Joseph,4.5,0,0.0,0,0.0,0.0,0.0,FWD,Leeds,0.0,13,3.3333333333333335,0.0
385,Trafford,5.0,15,3.8,270,0.0,0.0,0.0,GK,Leeds,9.812103174603173,13,3.3333333333333335,8.830892857142855
598,Elvedi,4.5,5,1.2,146,0.0,0.57,0.57,DEF,Leeds,4.9,13,3.3333333333333335,4.41
603,Lienou,4.0,0,0.0,0,0.0,0.0,0.0,DEF,Leeds,0.0,13,3.3333333333333335,0.0
604,Cresswell,4.5,0,0.0,0,0.0,0.0,0.0,MID,Leeds,0.0,13,3.3333333333333335,0.0
625,Cairns,4.0,0,0.0,0,0.0,0.0,0.0,GK,Leeds,0.0,13,3.3333333333333335,0.0
629,Zetterer,4.0,0,0.0,0,0.0,0.0,0.0,GK,Leeds,0.0,13,3.3333333333333335,0.0
641,Bard,4.5,0,0.0,0,0.0,0.0,0.0,DEF,Leeds,0.0,13,3.3333333333333335,0.0
648,Bahoya,5.0,0,0.0,0,0.0,0.0,0.0,MID,Leeds,0.0,13,3.3333333333333335,0.0
350,A.Becker,5.5,19,4.8,360,0.0,0.0,0.0,GK,Liverpool,17.65066666666667,14,3.0,17.65066666666667
351,Mamardashvili,4.9,0,0.0,0,0.0,0.0,0.0,GK,Liverpool,0.0,14,3.0,0.0
352,Woodman,4.0,0,0.0,0,0.0,0.0,0.0,GK,Liverpool,0.0,14,3.0,0.0
353,Pecsi,4.0,0,0.0,0,0.0,0.0,0.0,GK,Liverpool,0.0,14,3.0,0.0
354,Jaros,4.0,0,0.0,0,0.0,0.0,0.0,GK,Liverpool,0.0,14,3.0,0.0
355,Davies,4.0,0,0.0,0,0.0,0.0,0.0,GK,Liverpool,0.0,14,3.0,0.0
356,Virgil,6.5,17,4.2,360,0.25,0.07,0.32,DEF,Liverpool,19.31,14,3.0,19.31
357,Frimpong,5.4,2,0.5,178,0.01,0.23,0.24,DEF,Liverpool,4.8,14,3.0,4.8
358,Kerkez,5.4,7,1.8,295,0.02,0.07,0.09,DEF,Liverpool,7.42,14,3.0,7.42
359,Gomez,5.0,0,0.0,0,0.0,0.0,0.0,DEF,Liverpool,0.0,14,3.0,0.0
360,Bradley,5.0,0,0.0,0,0.0,0.0,0.0,DEF,Liverpool,0.0,14,3.0,0.0
361,Lucky,4.0,0,0.0,0,0.0,0.0,0.0,DEF,Liverpool,0.0,14,3.0,0.0
362,Jacquet,5.0,18,4.5,325,0.0,0.12,0.12,DEF,Liverpool,16.1,14,3.0,16.1
363,Leoni,4.0,0,0.0,0,0.0,0.0,0.0,DEF,Liverpool,0.0,14,3.0,0.0
364,Tsimikas,4.9,2,0.5,64,0.04,0.02,0.06,DEF,Liverpool,2.34,14,3.0,2.34
365,Ramsay,4.0,0,0.0,0,0.0,0.0,0.0,DEF,Liverpool,0.0,14,3.0,0.0
366,Wirtz,7.4,12,3.0,332,0.78,0.35,1.13,MID,Liverpool,13.78,14,3.0,13.78
367,Gakpo,7.2,29,7.2,280,0.44,1.22,1.66,MID,Liverpool,24.67,14,3.0,24.67
368,Szoboszlai,7.0,18,4.5,360,1.29,0.8,2.09,MID,Liverpool,21.22,14,3.0,21.22
369,Ngumoha,5.8,4,1.0,99,0.15,0.05,0.2,MID,Liverpool,4.24,14,3.0,4.24
370,Chiesa,5.4,0,0.0,0,0.0,0.0,0.0,MID,Liverpool,0.0,14,3.0,0.0
371,Gravenberch,5.9,8,2.0,181,0.1,0.07,0.17,MID,Liverpool,7.73,14,3.0,7.73
372,Mac Allister,5.4,6,1.5,216,0.1,0.44,0.54,MID,Liverpool,7.68,14,3.0,7.68
373,C.Jones,5.5,0,0.0,0,0.0,0.0,0.0,MID,Liverpool,0.0,14,3.0,0.0
374,Endo,4.9,0,0.0,0,0.0,0.0,0.0,MID,Liverpool,0.0,14,3.0,0.0
375,Nyoni,4.9,2,0.5,19,0.0,0.0,0.0,MID,Liverpool,1.94,14,3.0,1.94
376,Bajcetic,5.0,0,0.0,0,0.0,0.0,0.0,MID,Liverpool,0.0,14,3.0,0.0
377,Munoz,6.5,14,3.5,239,0.52,0.25,0.77,MID,Liverpool,13.5,14,3.0,13.5
378,McConnell,4.5,0,0.0,0,0.0,0.0,0.0,MID,Liverpool,0.0,14,3.0,0.0
379,Isak,9.1,25,6.2,333,2.79,0.06,2.85,FWD,Liverpool,21.7,14,3.0,21.7
380,Ekitiké,7.4,0,0.0,0,0.0,0.0,0.0,FWD,Liverpool,0.0,14,3.0,0.0
381,Koumas,5.0,2,0.5,13,0.03,0.0,0.03,MID,Liverpool,2.09,14,3.0,2.09
382,Danns,4.5,0,0.0,0,0.0,0.0,0.0,FWD,Liverpool,0.0,14,3.0,0.0
383,Elliott,5.4,0,0.0,0,0.0,0.0,0.0,MID,Liverpool,0.0,14,3.0,0.0
579,Araujo,5.4,15,3.8,194,0.0,0.05,0.05,DEF,Liverpool,12.713333333333333,14,3.0,12.713333333333333
627,Barcola,8.0,4,2.0,97,0.21,0.1,0.31,MID,Liverpool,4.51,14,3.0,4.51
155,Enzo,6.9,6,1.5,181,0.31,0.27,0.58,MID,Man City,6.3,15,3.3333333333333335,5.669999999999999
237,Ndiaye,5.9,17,4.2,311,0.28,0.44,0.72,MID,Man City,16.69,15,3.3333333333333335,15.020999999999999
384,Donnarumma,5.5,17,4.2,360,0.0,0.0,0.0,GK,Man City,17.65066666666667,15,3.3333333333333335,15.885600000000002
386,Bettinelli,4.5,0,0.0,0,0.0,0.0,0.0,GK,Man City,0.0,15,3.3333333333333335,0.0
387,O'Reilly,6.4,5,1.2,158,0.09,0.43,0.52,DEF,Man City,5.39,15,3.3333333333333335,4.850999999999999
388,Guéhi,6.0,26,6.5,360,0.89,0.38,1.27,DEF,Man City,24.16,15,3.3333333333333335,21.743999999999996
389,Matheus N.,5.9,10,2.5,123,0.0,0.05,0.05,DEF,Man City,7.25,15,3.3333333333333335,6.5249999999999995
390,Rúben,5.5,16,4.0,360,0.09,0.74,0.83,DEF,Man City,13.98,15,3.3333333333333335,12.581999999999999
391,Gvardiol,5.6,33,8.2,344,0.22,0.11,0.33,DEF,Man City,26.52,15,3.3333333333333335,23.868
392,Aït-Nouri,5.3,0,0.0,0,0.0,0.0,0.0,DEF,Man City,0.0,15,3.3333333333333335,0.0
393,Khusanov,5.5,9,2.2,268,0.0,0.06,0.06,DEF,Man City,9.14,15,3.3333333333333335,8.225999999999999
394,Alleyne,5.0,0,0.0,0,0.0,0.0,0.0,DEF,Man City,0.0,15,3.3333333333333335,0.0
395,Lewis,4.4,1,0.2,56,0.17,0.02,0.19,DEF,Man City,1.53,15,3.3333333333333335,1.3769999999999998
396,Vitor Reis,4.5,1,0.2,1,0.0,0.0,0.0,DEF,Man City,1.0,15,3.3333333333333335,0.8999999999999999
397,Semenyo,8.4,16,4.0,360,0.17,0.99,1.16,MID,Man City,16.89,15,3.3333333333333335,15.200999999999999
398,Foden,7.0,9,2.2,217,1.61,0.88,2.49,MID,Man City,19.41,15,3.3333333333333335,17.468999999999998
399,Cherki,7.8,26,6.5,218,0.59,1.41,2.0,MID,Man City,22.53,15,3.3333333333333335,20.276999999999997
400,Doku,7.4,0,0.0,0,0.0,0.0,0.0,MID,Man City,0.0,15,3.3333333333333335,0.0
402,Rodrigo,6.5,0,0.0,0,0.0,0.0,0.0,MID,Man City,0.0,15,3.3333333333333335,0.0
404,Reijnders,6.0,0,0.0,0,0.0,0.0,0.0,MID,Man City,0.0,15,3.3333333333333335,0.0
406,Kovačić,5.4,2,0.5,42,0.0,0.02,0.02,MID,Man City,2.32,15,3.3333333333333335,2.0879999999999996
407,Echeverri,4.9,0,0.0,0,0.0,0.0,0.0,MID,Man City,0.0,15,3.3333333333333335,0.0
408,Phillips,5.0,0,0.0,0,0.0,0.0,0.0,MID,Man City,0.0,15,3.3333333333333335,0.0
409,Mukasa,4.5,0,0.0,0,0.0,0.0,0.0,MID,Man City,0.0,15,3.3333333333333335,0.0
410,Monga,4.9,0,0.0,0,0.0,0.0,0.0,MID,Man City,0.0,15,3.3333333333333335,0.0
411,Haaland,15.5,33,8.2,360,3.33,0.51,3.84,FWD,Man City,30.24,15,3.3333333333333335,27.215999999999998
481,Anderson,6.3,13,3.2,323,0.09,0.65,0.74,MID,Man City,14.64,15,3.3333333333333335,13.175999999999998
587,Rulli,5.0,0,0.0,0,0.0,0.0,0.0,GK,Man City,0.0,15,3.3333333333333335,0.0
616,Bouaddi,5.5,2,0.7,22,0.0,0.12,0.12,MID,Man City,2.23,15,3.3333333333333335,2.0069999999999997
621,McAidoo,4.5,2,0.7,11,0.1,0.0,0.1,MID,Man City,2.06,15,3.3333333333333335,1.8539999999999999
622,Braithwaite,4.0,1,0.3,1,0.0,0.0,0.0,DEF,Man City,1.03,15,3.3333333333333335,0.9269999999999999
628,Allan,6.0,0,0.0,0,0.0,0.0,0.0,MID,Man City,0.0,15,3.3333333333333335,0.0
653,Samba,4.5,0,0.0,0,0.0,0.0,0.0,MID,Man City,0.0,15,3.3333333333333335,0.0
43,Tielemans,5.9,10,2.5,312,0.56,0.32,0.88,MID,Man Utd,12.85,16,3.3333333333333335,11.564999999999998
131,Baleba,5.0,0,0.0,0,0.0,0.0,0.0,MID,Man Utd,0.0,16,3.3333333333333335,0.0
162,Andrey Santos,4.9,4,1.0,82,0.0,0.24,0.24,MID,Man Utd,4.37,16,3.3333333333333335,3.933
325,Darlow,4.5,0,0.0,0,0.0,0.0,0.0,GK,Man Utd,0.0,16,3.3333333333333335,0.0
412,Lammens,4.9,7,1.8,360,0.0,0.0,0.0,GK,Man Utd,8.593333333333332,16,3.3333333333333335,7.733999999999998
413,Bayindir,4.5,0,0.0,0,0.0,0.0,0.0,GK,Man Utd,0.0,16,3.3333333333333335,0.0
414,Heaton,4.0,0,0.0,0,0.0,0.0,0.0,GK,Man Utd,0.0,16,3.3333333333333335,0.0
415,Dorgu,5.8,6,1.5,165,0.65,0.08,0.73,MID,Man Utd,7.46,16,3.3333333333333335,6.7139999999999995
416,De Ligt,5.0,0,0.0,0,0.0,0.0,0.0,DEF,Man Utd,0.0,16,3.3333333333333335,0.0
417,Dalot,4.9,6,1.5,256,0.18,0.18,0.36,DEF,Man Utd,8.29,16,3.3333333333333335,7.4609999999999985
418,Maguire,4.9,8,2.0,360,0.19,0.43,0.62,DEF,Man Utd,9.71,16,3.3333333333333335,8.739
419,Martinez,5.0,6,1.5,270,0.06,0.14,0.2,DEF,Man Utd,7.02,16,3.3333333333333335,6.317999999999999
420,Yoro,4.9,2,0.5,22,0.0,0.02,0.02,DEF,Man Utd,1.98,16,3.3333333333333335,1.7819999999999998
421,Heaven,4.4,1,0.2,90,0.12,0.04,0.16,DEF,Man Utd,2.11,16,3.3333333333333335,1.8989999999999998
422,Mazraoui,4.4,3,0.8,97,0.22,0.06,0.28,DEF,Man Utd,3.36,16,3.3333333333333335,3.0239999999999996
423,Shaw,4.4,7,1.8,252,0.02,0.51,0.53,DEF,Man Utd,7.15,16,3.3333333333333335,6.435
424,Amass,4.0,0,0.0,0,0.0,0.0,0.0,DEF,Man Utd,0.0,16,3.3333333333333335,0.0
425,Fredricson,4.0,0,0.0,0,0.0,0.0,0.0,DEF,Man Utd,0.0,16,3.3333333333333335,0.0
426,B.Fernandes,12.0,29,7.2,360,2.28,1.13,3.41,MID,Man Utd,27.02,16,3.3333333333333335,24.317999999999998
427,Mbeumo,7.9,23,5.8,360,2.8,0.55,3.35,MID,Man Utd,25.46,16,3.3333333333333335,22.913999999999998
428,Cunha,7.9,16,4.0,317,0.58,0.44,1.02,MID,Man Utd,15.25,16,3.3333333333333335,13.724999999999998
429,Rashford,7.0,8,2.0,275,0.38,0.29,0.67,MID,Man Utd,10.41,16,3.3333333333333335,9.369
430,Mount,5.4,0,0.0,0,0.0,0.0,0.0,MID,Man Utd,0.0,16,3.3333333333333335,0.0
431,Amad,5.8,0,0.0,0,0.0,0.0,0.0,MID,Man Utd,0.0,16,3.3333333333333335,0.0
432,Mainoo,5.5,18,4.5,275,0.24,0.42,0.66,MID,Man Utd,15.78,16,3.3333333333333335,14.201999999999998
433,Ugarte,5.0,0,0.0,0,0.0,0.0,0.0,MID,Man Utd,0.0,16,3.3333333333333335,0.0
434,J.Fletcher,4.9,0,0.0,0,0.0,0.0,0.0,MID,Man Utd,0.0,16,3.3333333333333335,0.0
435,Lacey,4.9,1,0.2,10,0.0,0.0,0.0,MID,Man Utd,1.03,16,3.3333333333333335,0.9269999999999999
436,Collyer,5.0,0,0.0,0,0.0,0.0,0.0,MID,Man Utd,0.0,16,3.3333333333333335,0.0
437,Bendito Mantato,4.5,0,0.0,0,0.0,0.0,0.0,MID,Man Utd,0.0,16,3.3333333333333335,0.0
438,Fletcher,4.5,0,0.0,0,0.0,0.0,0.0,MID,Man Utd,0.0,16,3.3333333333333335,0.0
439,Šeško,7.0,8,2.0,76,0.39,0.01,0.4,FWD,Man Utd,4.92,16,3.3333333333333335,4.428
440,Zirkzee,5.4,1,0.2,7,0.0,0.01,0.01,FWD,Man Utd,1.07,16,3.3333333333333335,0.963
441,Obi,4.5,0,0.0,0,0.0,0.0,0.0,FWD,Man Utd,0.0,16,3.3333333333333335,0.0
405,N.Gonzalez,5.5,4,1.0,146,0.0,0.21,0.21,MID,Newcastle,4.38,17,2.3333333333333335,5.631428571428571
442,Pope,4.9,0,0.0,0,0.0,0.0,0.0,GK,Newcastle,0.0,17,2.3333333333333335,0.0
443,Gillespie,4.5,0,0.0,0,0.0,0.0,0.0,GK,Newcastle,0.0,17,2.3333333333333335,0.0
444,Jaouen,4.5,0,0.0,0,0.0,0.0,0.0,GK,Newcastle,0.0,17,2.3333333333333335,0.0
445,Thiaw,5.0,8,2.0,270,0.0,0.07,0.07,DEF,Newcastle,7.757333333333333,17,2.3333333333333335,9.973714285714285
446,Schär,5.0,1,0.2,1,0.0,0.0,0.0,DEF,Newcastle,1.0,17,2.3333333333333335,1.2857142857142856
447,Botman,5.0,9,2.2,270,0.01,0.17,0.18,DEF,Newcastle,8.83,17,2.3333333333333335,11.352857142857141
448,Burn,4.9,0,0.0,0,0.0,0.0,0.0,DEF,Newcastle,0.0,17,2.3333333333333335,0.0
449,Hall,5.2,18,4.5,269,0.04,0.67,0.71,DEF,Newcastle,14.4,17,2.3333333333333335,18.514285714285712
450,Livramento,4.9,1,0.2,1,0.0,0.0,0.0,DEF,Newcastle,1.0,17,2.3333333333333335,1.2857142857142856
451,A.Murphy,4.0,0,0.0,0,0.0,0.0,0.0,DEF,Newcastle,0.0,17,2.3333333333333335,0.0
453,Barnes,6.0,17,4.2,270,0.22,0.06,0.28,MID,Newcastle,13.96,17,2.3333333333333335,17.948571428571427
454,Elanga,6.2,18,4.5,232,0.42,0.34,0.76,MID,Newcastle,13.29,17,2.3333333333333335,17.087142857142855
456,J.Ramsey,4.9,7,1.8,69,0.17,0.16,0.33,MID,Newcastle,3.35,17,2.3333333333333335,4.307142857142857
457,J.Murphy,5.9,2,0.5,35,0.0,0.2,0.2,MID,Newcastle,2.74,17,2.3333333333333335,3.5228571428571427
458,Joelinton,5.4,0,0.0,0,0.0,0.0,0.0,MID,Newcastle,0.0,17,2.3333333333333335,0.0
459,L.Miley,5.5,8,2.0,227,0.05,0.07,0.12,MID,Newcastle,8.2,17,2.3333333333333335,10.542857142857141
460,Willock,5.0,11,2.8,166,0.52,0.2,0.72,MID,Newcastle,8.99,17,2.3333333333333335,11.558571428571428
461,Touré,5.8,1,0.2,1,0.0,0.0,0.0,MID,Newcastle,1.21,17,2.3333333333333335,1.5557142857142856
462,Steur,4.9,3,0.8,87,0.0,0.0,0.0,MID,Newcastle,2.956785714285715,17,2.3333333333333335,3.8015816326530616
463,Woltemade,5.9,4,1.0,19,0.02,0.01,0.03,FWD,Newcastle,3.15,17,2.3333333333333335,4.05
464,Wissa,6.2,13,3.2,261,1.35,0.05,1.4,FWD,Newcastle,14.13,17,2.3333333333333335,18.167142857142856
465,Osula,5.9,4,1.0,55,0.06,0.14,0.2,FWD,Newcastle,3.85,17,2.3333333333333335,4.949999999999999
466,Neave,4.5,0,0.0,0,0.0,0.0,0.0,FWD,Newcastle,0.0,17,2.3333333333333335,0.0
559,Bamba,4.9,1,0.2,14,0.0,0.0,0.0,MID,Newcastle,1.08,17,2.3333333333333335,1.3885714285714286
567,Horníček,5.0,10,2.5,270,0.0,0.0,0.0,GK,Newcastle,9.812103174603173,17,2.3333333333333335,12.615561224489793
593,Dedić,4.5,13,3.2,270,0.14,0.08,0.22,DEF,Newcastle,12.36,17,2.3333333333333335,15.89142857142857
609,Shahar,4.0,0,0.0,0,0.0,0.0,0.0,DEF,Newcastle,0.0,17,2.3333333333333335,0.0
634,Fernandez-Pardo,6.0,1,0.5,27,0.0,0.0,0.0,FWD,Newcastle,1.34,17,2.3333333333333335,1.7228571428571429
167,Delap,5.5,8,2.0,187,0.76,0.14,0.9,FWD,Nott'm Forest,8.06,18,3.0,8.06
201,Muñoz,5.4,3,0.8,175,0.48,0.19,0.67,DEF,Nott'm Forest,4.64,18,3.0,4.64
467,Sels,5.0,12,3.0,360,0.0,0.01,0.01,GK,Nott'm Forest,12.7865,18,3.0,12.7865
468,John,4.5,0,0.0,0,0.0,0.0,0.0,GK,Nott'm Forest,0.0,18,3.0,0.0
469,N.Williams,5.0,17,4.2,360,0.32,0.4,0.72,DEF,Nott'm Forest,15.61,18,3.0,15.61
470,Morato,5.0,0,0.0,0,0.0,0.0,0.0,DEF,Nott'm Forest,0.0,18,3.0,0.0
471,Milenković,5.5,12,3.0,270,0.11,0.03,0.14,DEF,Nott'm Forest,12.39,18,3.0,12.39
472,Murillo,5.5,19,4.8,359,0.35,0.29,0.64,DEF,Nott'm Forest,16.81,18,3.0,16.81
473,Aina,4.5,8,2.0,306,0.04,0.53,0.57,DEF,Nott'm Forest,9.37,18,3.0,9.37
474,Jair Cunha,4.5,10,2.5,270,0.03,0.01,0.04,DEF,Nott'm Forest,8.758333333333333,18,3.0,8.758333333333333
475,Savona,4.5,0,0.0,0,0.0,0.0,0.0,DEF,Nott'm Forest,0.0,18,3.0,0.0
476,O.Richards,4.0,0,0.0,0,0.0,0.0,0.0,DEF,Nott'm Forest,0.0,18,3.0,0.0
477,Abbott,4.0,0,0.0,0,0.0,0.0,0.0,DEF,Nott'm Forest,0.0,18,3.0,0.0
478,Netz,4.5,2,0.5,20,0.0,0.0,0.0,DEF,Nott'm Forest,1.93,18,3.0,1.93
479,Bindon,4.0,0,0.0,0,0.0,0.0,0.0,DEF,Nott'm Forest,0.0,18,3.0,0.0
480,Gibbs-White,7.9,26,6.5,360,1.56,1.02,2.58,MID,Nott'm Forest,24.91,18,3.0,24.91
482,Hudson-Odoi,5.8,1,0.2,1,0.0,0.0,0.0,MID,Nott'm Forest,1.21,18,3.0,1.21
483,Ndoye,5.5,14,3.5,258,1.05,0.88,1.93,MID,Nott'm Forest,14.49,18,3.0,14.49
484,Hutchinson,5.4,0,0.0,0,0.0,0.0,0.0,MID,Nott'm Forest,0.0,18,3.0,0.0
485,Bakwa,5.5,0,0.0,0,0.0,0.0,0.0,MID,Nott'm Forest,0.0,18,3.0,0.0
486,McAtee,5.5,10,2.5,334,0.16,0.92,1.08,MID,Nott'm Forest,11.23,18,3.0,11.23
487,Dominguez,4.9,1,0.2,1,0.0,0.0,0.0,MID,Nott'm Forest,1.0,18,3.0,1.0
488,I.Sangaré,4.9,3,0.8,98,0.09,0.02,0.11,MID,Nott'm Forest,3.55,18,3.0,3.55
489,Yates,4.5,0,0.0,0,0.0,0.0,0.0,MID,Nott'm Forest,0.0,18,3.0,0.0
490,Wood,5.8,3,0.8,45,0.12,0.01,0.13,FWD,Nott'm Forest,3.03,18,3.0,3.03
491,Igor Jesus,5.8,11,2.8,226,1.09,0.07,1.16,FWD,Nott'm Forest,11.7,18,3.0,11.7
493,Kalimuendo,5.4,1,0.2,1,0.0,0.0,0.0,FWD,Nott'm Forest,1.0,18,3.0,1.0
558,Schlager,5.0,11,2.8,286,0.14,0.08,0.22,MID,Nott'm Forest,11.24,18,3.0,11.24
581,Diomande,5.4,5,1.2,91,0.11,0.0,0.11,DEF,Nott'm Forest,5.31,18,3.0,5.31
590,Benda,4.5,0,0.0,0,0.0,0.0,0.0,GK,Nott'm Forest,0.0,18,3.0,0.0
112,Van Hecke,4.9,18,4.5,360,0.34,0.12,0.46,DEF,Spurs,16.54,19,3.3333333333333335,14.885999999999997
147,Tosin,4.4,1,0.2,5,0.0,0.0,0.0,DEF,Spurs,1.06,19,3.3333333333333335,0.954
401,Marmoush,7.0,6,1.5,249,0.36,0.11,0.47,FWD,Spurs,8.94,19,3.3333333333333335,8.046
403,Sávio,6.5,6,1.5,150,0.12,0.53,0.65,MID,Spurs,5.68,19,3.3333333333333335,5.111999999999999
455,Tonali,5.4,12,3.0,344,0.18,0.4,0.58,MID,Spurs,12.75,19,3.3333333333333335,11.475
494,Vicario,4.5,0,0.0,0,0.0,0.0,0.0,GK,Spurs,0.0,19,3.3333333333333335,0.0
495,Austin,4.0,0,0.0,0,0.0,0.0,0.0,GK,Spurs,0.0,19,3.3333333333333335,0.0
496,Kinsky,4.5,16,4.0,360,0.0,0.0,0.0,GK,Spurs,12.978452380952385,19,3.3333333333333335,11.680607142857145
497,Dubravka,4.0,0,0.0,0,0.0,0.0,0.0,GK,Spurs,0.0,19,3.3333333333333335,0.0
498,Senesi,5.8,3,0.8,90,0.0,0.02,0.02,DEF,Spurs,2.98,19,3.3333333333333335,2.682
499,Pedro Porro,5.5,8,2.0,180,0.36,0.16,0.52,DEF,Spurs,7.02,19,3.3333333333333335,6.317999999999999
500,Romero,5.0,0,0.0,0,0.0,0.0,0.0,DEF,Spurs,0.0,19,3.3333333333333335,0.0
502,Robertson,4.4,13,3.2,276,0.13,0.17,0.3,DEF,Spurs,12.14,19,3.3333333333333335,10.926
503,Van de Ven,5.0,15,3.8,270,0.57,0.04,0.61,DEF,Spurs,14.08,19,3.3333333333333335,12.671999999999999
505,Spence,4.5,0,0.0,0,0.0,0.0,0.0,DEF,Spurs,0.0,19,3.3333333333333335,0.0
506,Udogie,4.5,7,1.8,86,0.0,0.23,0.23,DEF,Spurs,6.04,19,3.3333333333333335,5.435999999999999
507,Phillips,4.5,0,0.0,0,0.0,0.0,0.0,DEF,Spurs,0.0,19,3.3333333333333335,0.0
508,Davies,4.0,0,0.0,0,0.0,0.0,0.0,DEF,Spurs,0.0,19,3.3333333333333335,0.0
509,Byfield,4.0,0,0.0,0,0.0,0.0,0.0,DEF,Spurs,0.0,19,3.3333333333333335,0.0
510,Rowswell,4.0,0,0.0,0,0.0,0.0,0.0,DEF,Spurs,0.0,19,3.3333333333333335,0.0
511,Souza,4.0,0,0.0,0,0.0,0.0,0.0,DEF,Spurs,0.0,19,3.3333333333333335,0.0
512,Kudus,6.5,3,0.8,78,0.04,0.22,0.26,MID,Spurs,3.43,19,3.3333333333333335,3.0869999999999997
513,Xavi,5.9,0,0.0,0,0.0,0.0,0.0,MID,Spurs,0.0,19,3.3333333333333335,0.0
514,Tel,5.8,8,2.0,257,0.21,0.23,0.44,MID,Spurs,11.75,19,3.3333333333333335,10.575
515,Maddison,6.3,2,0.5,35,0.0,0.02,0.02,MID,Spurs,2.26,19,3.3333333333333335,2.034
516,Bentancur,5.5,11,2.8,287,0.02,0.08,0.1,MID,Spurs,10.6,19,3.3333333333333335,9.54
517,Odobert,5.5,0,0.0,0,0.0,0.0,0.0,MID,Spurs,0.0,19,3.3333333333333335,0.0
518,P.M.Sarr,4.9,0,0.0,0,0.0,0.0,0.0,MID,Spurs,0.0,19,3.3333333333333335,0.0
519,Gallagher,5.4,3,0.8,128,0.02,0.12,0.14,MID,Spurs,5.42,19,3.3333333333333335,4.877999999999999
520,Bergvall,5.4,2,0.5,72,0.06,0.26,0.32,MID,Spurs,2.96,19,3.3333333333333335,2.6639999999999997
521,Kulusevski,6.5,0,0.0,0,0.0,0.0,0.0,MID,Spurs,0.0,19,3.3333333333333335,0.0
522,Gray,4.9,7,1.8,236,0.09,0.04,0.13,MID,Spurs,7.85,19,3.3333333333333335,7.064999999999999
523,Moore,5.0,3,0.8,89,0.4,0.02,0.42,MID,Spurs,3.29,19,3.3333333333333335,2.961
524,Olusesi,4.4,0,0.0,0,0.0,0.0,0.0,MID,Spurs,0.0,19,3.3333333333333335,0.0
525,Fernandes,5.8,6,1.5,204,0.12,0.26,0.38,MID,Spurs,10.52,19,3.3333333333333335,9.467999999999998
526,Solanke,5.9,5,1.2,105,0.44,0.01,0.45,FWD,Spurs,4.74,19,3.3333333333333335,4.266
527,Richarlison,5.9,2,0.5,67,0.0,0.0,0.0,FWD,Spurs,2.36,19,3.3333333333333335,2.1239999999999997
528,Scarlett,4.5,0,0.0,0,0.0,0.0,0.0,FWD,Spurs,0.0,19,3.3333333333333335,0.0
578,Mudryk,5.4,1,0.2,16,0.0,0.0,0.0,MID,Spurs,1.11,19,3.3333333333333335,0.999
601,Williams-Barnett,4.5,0,0.0,0,0.0,0.0,0.0,MID,Spurs,0.0,19,3.3333333333333335,0.0
501,Danso,5.0,3,0.8,180,0.0,0.16,0.16,DEF,Sunderland,4.48,20,3.6666666666666665,3.665454545454546
529,Roefs,5.0,11,2.8,360,0.0,0.0,0.0,GK,Sunderland,11.355333333333332,20,3.6666666666666665,9.290727272727272
530,Patterson,4.0,0,0.0,0,0.0,0.0,0.0,GK,Sunderland,0.0,20,3.6666666666666665,0.0
531,Ellborg,4.5,0,0.0,0,0.0,0.0,0.0,GK,Sunderland,0.0,20,3.6666666666666665,0.0
532,Ballard,4.9,12,3.0,360,0.17,0.16,0.33,DEF,Sunderland,11.42,20,3.6666666666666665,9.343636363636364
533,Mukiele,5.5,13,3.2,270,0.7,0.05,0.75,DEF,Sunderland,12.7,20,3.6666666666666665,10.39090909090909
534,Hume,4.4,9,2.2,195,0.04,0.28,0.32,DEF,Sunderland,8.68,20,3.6666666666666665,7.101818181818182
535,Alderete,4.9,1,0.2,23,0.0,0.01,0.01,DEF,Sunderland,1.13,20,3.6666666666666665,0.9245454545454546
536,Reinildo,4.5,7,1.8,360,0.0,0.32,0.32,DEF,Sunderland,8.27,20,3.6666666666666665,6.766363636363637
537,Seelt,4.5,0,0.0,0,0.0,0.0,0.0,DEF,Sunderland,0.0,20,3.6666666666666665,0.0
538,Hjelde,4.0,0,0.0,0,0.0,0.0,0.0,DEF,Sunderland,0.0,20,3.6666666666666665,0.0
539,O'Nien,4.0,1,0.2,66,0.01,0.01,0.02,DEF,Sunderland,1.913333333333333,20,3.6666666666666665,1.5654545454545454
540,Masuaku,4.0,0,0.0,0,0.0,0.0,0.0,DEF,Sunderland,0.0,20,3.6666666666666665,0.0
541,Meunier,4.5,11,2.8,318,0.34,0.13,0.47,DEF,Sunderland,18.6,20,3.6666666666666665,15.21818181818182
542,E.Le Fée,5.8,13,3.2,348,2.06,0.82,2.88,MID,Sunderland,17.6,20,3.6666666666666665,14.400000000000002
543,Diarra,5.4,5,1.2,28,0.03,0.16,0.19,MID,Sunderland,3.99,20,3.6666666666666665,3.264545454545455
544,Xhaka,5.5,19,4.8,360,0.06,0.94,1.0,MID,Sunderland,16.91,20,3.6666666666666665,13.835454545454546
545,Sadiki,4.9,8,2.0,343,0.4,0.23,0.63,MID,Sunderland,14.41,20,3.6666666666666665,11.790000000000001
546,Adingra,4.9,0,0.0,0,0.0,0.0,0.0,MID,Sunderland,0.0,20,3.6666666666666665,0.0
547,Mundle,4.9,1,0.2,1,0.17,0.0,0.17,MID,Sunderland,1.43,20,3.6666666666666665,1.17
548,Rigg,4.9,2,0.5,17,0.0,0.0,0.0,MID,Sunderland,1.71,20,3.6666666666666665,1.3990909090909092
549,Talbi,5.4,1,0.2,31,0.0,0.0,0.0,MID,Sunderland,1.23,20,3.6666666666666665,1.0063636363636363
550,Jocelin.T,5.0,0,0.0,0,0.0,0.0,0.0,MID,Sunderland,0.0,20,3.6666666666666665,0.0
551,N.Angulo,5.0,12,3.0,254,0.15,0.12,0.27,MID,Sunderland,10.99,20,3.6666666666666665,8.991818181818182
552,Brobbey,5.8,7,1.8,309,0.59,0.07,0.66,FWD,Sunderland,11.11,20,3.6666666666666665,9.09
553,Isidor,5.5,14,3.5,95,1.49,0.01,1.5,FWD,Sunderland,4.93,20,3.6666666666666665,4.033636363636363
612,Methalie,4.5,0,0.0,0,0.0,0.0,0.0,DEF,Sunderland,0.0,20,3.6666666666666665,0.0
613,Ahoka,4.5,0,0.0,0,0.0,0.0,0.0,MID,Sunderland,0.0,20,3.6666666666666665,0.0
646,Fofana,5.5,2,1.0,30,0.0,0.0,0.0,MID,Sunderland,1.12,20,3.6666666666666665,0.9163636363636365
651,J.Angulo,4.5,0,0.0,0,0.0,0.0,0.0,FWD,Sunderland,0.0,20,3.6666666666666665,0.0
